category,total_revenue,total_profit,total_quantity,avg_profit_margin
Accessories,1216.9,761.6,77,0.6256453561156629
Bikes,83552.78,34128.39,45,0.40508020878420636
Clothing,1114.75,503.08000000000004,28,0.3997944308806588
